key,ex_date,factor,confidence,label,r_open,r_close,r_median6,prev_close,open,close
3IINFOTECH,2007-08-27,2.0,high,split 2->1,2.037,2.0258,2.004,275.0,135.0,135.75
AARTIIND,2005-02-09,3.0,high,bonus 2:1,2.944,2.8881,2.8524,365.05,124.0,126.4
AARTIIND,2006-01-13,2.0,medium,split 2->1,1.9663,1.9077,1.9288,163.2,83.0,85.55
ABANLOYD,2005-05-04,5.0,medium,split 5->1,4.8656,4.8382,4.8084,1805.15,371.0,373.1
AICHAMP,2008-09-11,2.0,medium,split 2->1,1.9103,1.9851,2.1082,73.45,38.45,37.0
AJRINFRA,2009-10-26,5.0,medium,split 5->1,4.8333,4.8223,5.4179,105.85,21.9,21.95
ALCHEMIST,2007-03-08,1.8,medium,bonus 4:5,1.8374,1.8838,1.949,18.65,10.15,9.9
ALEMBICLTD,2011-04-11,2.8253,low,unsnapped (no simple ratio within tolerance),2.1713,2.8253,3.2847,70.35,32.4,24.9
ALLCARGO,2009-11-19,5.0,medium,split 5->1,4.9535,5.1639,4.4382,906.0,182.9,175.45
ANSALINFRA,2006-05-10,1.9046,low,unsnapped (no simple ratio within tolerance),1.9046,1.9046,1.5293,1630.85,856.25,856.25
ANSALINFRA,2007-04-23,1.9048,low,unsnapped (no simple ratio within tolerance),1.9048,1.9048,1.7287,490.0,257.25,257.25
APOLLOSIND,2008-07-11,10.0,medium,split 10->1,9.1941,10.0592,10.0044,518.55,56.4,51.55
AQUA,2010-10-01,10.0,high,split 10->1,9.855,10.0102,10.6784,635.65,64.5,63.5
ARROWGROUP,2008-01-15,10.0,medium,split 10->1,9.521,9.521,9.392,805.0,84.55,84.55
ASAHIINDIA,2005-09-01,2.0,high,split 2->1,1.9664,2.0156,2.1432,161.05,81.9,79.9
ASHAPURMIN,2006-03-23,5.0,high,split 5->1,4.8539,4.8864,4.8637,1169.8,241.0,239.4
ASHCO,2009-12-08,10.0,medium,split 10->1,9.3462,9.3462,8.3333,12.15,1.3,1.3
ASIANELEC,2007-10-22,2.0,high,split 2->1,2.0168,2.0637,2.0692,714.75,354.4,346.35
ASTRAIDL,2006-06-15,4.5454,low,unsnapped (no simple ratio within tolerance),4.8838,4.5454,4.5373,2974.25,609.0,654.35
ASTRAMICRO,2005-10-07,10.0,medium,split 10->1,9.6025,9.5216,10.7164,2544.65,265.0,267.25
AUSTRAL,2009-08-07,10.0,high,split 10->1,10.0364,9.8024,8.9878,441.6,44.0,45.05
BAGYAMETAL,2005-02-24,5.0,medium,split 5->1,4.7544,4.9528,4.7521,136.45,28.7,27.55
BALRAMCHIN,2005-03-23,10.0,medium,split 10->1,9.7321,10.1679,10.1677,681.25,70.0,67.0
BATLIBOI,2007-09-26,1.9079,low,unsnapped (no simple ratio within tolerance),1.9391,1.8772,1.8572,188.0,96.95,100.15
BHARATFORG,2005-07-20,5.0,medium,split 5->1,4.9095,4.7382,4.7279,1595.1,324.9,336.65
BHARTIARTL,2009-07-24,2.0,high,split 2->1,1.9397,1.9572,1.946,814.1,419.7,415.95
BOSCHCHASY,2007-06-06,2.0,medium,split 2->1,1.9726,2.0694,1.9737,1104.65,560.0,533.8
BSOFT,2005-03-03,2.0,medium,split 2->1,1.8753,2.0243,1.95,691.6,368.8,341.65
CASTEXTECH,2005-09-08,5.0,medium,split 5->1,4.844,4.7968,4.4985,516.85,106.7,107.75
CASTROL,2010-04-09,2.0,high,split 2->1,1.9327,1.9894,1.8882,724.75,375.0,364.3
CELEBRITY,2010-10-26,2.0,medium,split 2->1,1.7799,1.9265,2.1627,32.75,18.4,17.0
CHEMPLAST,2006-03-08,10.0,medium,split 10->1,9.8387,10.4571,10.2997,91.5,9.3,8.75
CLASSIC,2008-01-11,5.0,medium,split 5->1,4.7673,4.6184,4.9675,569.45,119.45,123.3
CMC,2011-06-08,2.0,high,split 2->1,1.9869,2.0294,2.0024,2483.6,1250.0,1223.8
COREEDUTEC,2007-06-06,4.0,medium,split 4->1,4.5936,4.17,4.1239,592.35,128.95,142.05
COROMNFERT,2006-01-02,5.0,high,split 5->1,4.9438,4.903,4.5796,356.2,72.05,72.65
CRANESSOFT,2005-11-02,10.0,medium,split 10->1,9.5288,9.6517,9.2097,1010.05,106.0,104.65
DABUR,2006-01-19,2.0,high,split 2->1,1.9798,2.0449,2.0441,220.95,111.6,108.05
DALMIACEM,2005-10-27,5.0,medium,split 5->1,4.83,4.7617,4.5825,724.5,150.0,152.15
DALMIACEM,2010-09-24,3.5,medium,bonus 5:2,2.9556,3.4411,3.2321,266.0,90.0,77.3
DCHL,2007-03-13,5.0,medium,split 5->1,4.7011,5.1525,5.0805,775.45,164.95,150.5
DCMSHRIRAM,2005-10-07,10.0,medium,split 10->1,9.5247,9.5247,9.3973,1068.2,112.15,112.15
DCW,2005-09-20,5.0,high,split 5->1,4.9248,5.0775,5.2691,65.5,13.3,12.9
DISHMAN,2005-10-21,5.0,medium,split 5->1,4.8979,5.1196,5.6573,695.5,142.0,135.85
EASUNREYRL,2007-07-31,5.0,medium,split 5->1,4.8809,5.2632,5.1068,1360.8,278.8,258.55
EIDPARRY,2005-05-27,5.0,medium,split 5->1,4.8392,4.8334,4.9811,604.9,125.0,125.15
EMCO,2008-03-14,5.0,medium,split 5->1,5.0633,5.2883,5.8173,1088.6,215.0,205.85
ENKEI,2006-12-04,2.105,low,unsnapped (no simple ratio within tolerance),2.1396,2.071,1.984,329.5,154.0,159.1
ERAINFRA,2008-09-17,5.0,medium,split 5->1,4.8466,5.0292,5.031,474.0,97.8,94.25
EVINIX,2008-04-29,10.0,medium,split 10->1,9.72,9.5294,10.9132,170.1,17.5,17.85
GABRIEL,2005-12-30,10.0,high,split 10->1,9.6806,9.7752,9.2707,300.1,31.0,30.7
GAEL,2006-01-06,5.0,high,split 5->1,4.8309,4.914,5.0249,100.0,20.7,20.35
GAMMONIND,2005-03-15,5.0,medium,split 5->1,4.8681,4.7631,4.1966,1236.5,254.0,259.6
GBN,2008-02-21,5.0,medium,split 5->1,4.434,4.905,4.2426,1112.7,250.95,226.85
GEMINI,2007-07-17,1.898,low,unsnapped (no simple ratio within tolerance),1.896,1.9,1.9733,414.95,218.85,218.4
GEMINI,2008-09-17,5.0,medium,split 5->1,4.7383,4.5443,5.6623,172.0,36.3,37.85
GEOINFO,2005-02-18,10.0,medium,split 10->1,9.524,9.524,10.4816,1250.5,131.3,131.3
GEOJIT,2006-09-26,10.8725,low,unsnapped (no simple ratio within tolerance),9.5603,10.8725,9.847,277.25,29.0,25.5
GEOMETRIC,2005-08-02,5.0,medium,split 5->1,4.7957,4.6074,4.442,551.5,115.0,119.7
GFLLIMITED,2005-10-10,5.0,high,split 5->1,4.9074,4.8897,4.9401,1965.4,400.5,401.95
GLENMARK,2005-03-04,1.9188,low,unsnapped (no simple ratio within tolerance),1.8818,1.9564,1.7942,592.4,314.8,302.8
GLODYNE,2009-08-20,2.0,medium,split 2->1,1.9382,1.9157,1.8492,724.7,373.9,378.3
GREENPLY,2005-06-16,1.9142,low,unsnapped (no simple ratio within tolerance),1.8802,1.9488,1.955,98.9,52.6,50.75
GUJAMBCEM,2005-06-20,7.693,low,"combo candidates: split 5->1 + bonus 1:2 (7.5), split 5->1 + bonus 2:3 (8.333)",7.7786,7.6083,7.2943,451.55,58.05,59.35
GUJNRECOKE,2005-02-09,2.0,high,split 2->1,1.9744,1.9375,1.5809,227.85,115.4,117.6
GUJNRECOKE,2006-09-28,1.8,high,bonus 4:5,1.8038,1.8591,2.0094,66.65,36.95,35.85
GUJRATGAS,2007-05-15,5.0,high,split 5->1,4.9252,4.9657,5.061,1477.55,300.0,297.55
GUJRATGAS,2009-09-17,1.9184,low,unsnapped (no simple ratio within tolerance),1.8958,1.9413,1.9566,420.3,221.7,216.5
HAVELLS,2005-08-04,2.0,high,split 2->1,2.0031,1.9877,1.9993,604.95,302.0,304.35
HCL-INSYS,2005-07-08,5.0,medium,split 5->1,4.8398,4.7239,4.0414,788.65,162.95,166.95
HDFC,2010-08-18,5.0,medium,split 5->1,4.7761,4.8438,4.781,3008.95,630.0,621.2
HELIOSMATH,2005-10-27,2.0,medium,split 2->1,1.6856,2.0704,2.1615,404.55,240.0,195.4
HEXAWARE,2005-04-28,5.0,high,split 5->1,4.9079,5.0567,5.1288,708.7,144.4,140.15
HEXAWARE,2011-02-24,2.25,medium,bonus 5:4,2.0331,2.2111,2.0926,119.95,59.0,54.25
HIMATSEIDE,2005-10-14,4.0,high,split 4->1,3.9058,3.9963,4.239,535.1,137.0,133.9
HINDALC0,2005-08-30,10.0,medium,split 10->1,9.5669,9.7725,9.6235,1387.2,145.0,141.95
HINDCONS,2005-11-08,10.0,high,split 10->1,9.748,9.948,8.222,994.3,102.0,99.95
HINDDORROL,2006-05-26,5.0,medium,split 5->1,4.7848,4.7602,4.9356,741.4,154.95,155.75
HINDDORROL,2010-03-15,2.1157,low,unsnapped (no simple ratio within tolerance),2.1598,2.0724,2.1208,220.3,102.0,106.3
HINDSANIT,2005-12-30,2.5,medium,split 5->2,2.3095,2.4904,2.3955,219.4,95.0,88.1
HITECHGEAR,2005-03-16,2.0,medium,split 2->1,2.0863,2.1048,2.1413,427.7,205.0,203.2
HLVLTD,2006-09-08,4.0,medium,split 4->1,4.9992,4.21,4.0198,294.7,58.95,70.0
ICSA,2007-10-23,5.0,medium,split 5->1,4.9319,4.7335,5.0533,1529.15,310.05,323.05
INDIABULLS,2007-01-02,2.25,medium,bonus 5:4,3.3356,2.1622,2.0536,660.45,198.0,305.45
INDSWFTLTD,2005-04-29,5.0,medium,split 5->1,4.8488,5.0436,4.9101,295.05,60.85,58.5
IPCALAB,2005-01-28,2.0,medium,split 2->1,1.9594,2.0347,2.0517,842.55,430.0,414.1
IVRCLINFRA,2006-03-29,5.0,high,split 5->1,4.9673,5.0023,4.7913,1490.2,300.0,297.9
IVRCLINFRA,2010-03-18,2.0,high,split 2->1,2.017,1.9558,1.9796,338.85,168.0,173.25
JAYAGROGN,2006-04-13,2.0,medium,split 2->1,1.9431,2.0454,2.1902,182.55,93.95,89.25
JAYBARMARU,2005-09-23,1.8,medium,bonus 4:5,1.7502,1.8569,2.0947,240.65,137.5,129.6
JBCHEPHARM,2005-04-05,5.0,medium,split 5->1,5.0211,5.2243,4.9458,451.9,90.0,86.5
JUBLPHARMA,2006-03-17,5.0,high,split 5->1,4.9666,4.8101,4.6635,1152.25,232.0,239.55
KAJARIACER,2005-10-19,5.0,medium,split 5->1,4.9188,5.1438,5.3106,236.1,48.0,45.9
KCPSUGIND,2006-03-08,10.0,medium,split 10->1,9.2695,10.1568,9.3552,689.65,74.4,67.9
KIRLOSOIL,2005-08-10,5.0,high,split 5->1,4.7938,4.9158,4.5261,695.1,145.0,141.4
KIRLOSOIL,2007-10-25,2.0,medium,split 2->1,1.835,2.0776,2.2204,361.5,197.0,174.0
KLGSYSTEL,2006-01-27,1.9047,low,unsnapped (no simple ratio within tolerance),1.9047,1.9047,1.5877,267.9,140.65,140.65
KNL,2008-04-04,10.0,medium,split 10->1,9.5459,9.5949,8.9643,187.1,19.6,19.5
KOTAKBANK,2005-08-25,2.25,medium,bonus 5:4,2.2131,2.2922,2.389,464.75,210.0,202.75
KPIL,2006-04-13,2.25,medium,bonus 5:4,1.9914,2.1467,2.3106,1931.9,970.1,899.95
KRBL,2010-02-10,8.4817,low,combo candidates: split 5->1 + bonus 2:3 (8.333),9.72,8.4817,8.955,243.0,25.0,28.65
KSOILS,2007-07-18,8.9294,low,combo candidates: split 5->1 + bonus 2:3 (8.333),9.7308,8.9294,9.1084,531.3,54.6,59.5
KTKBANK,2005-01-13,2.0,medium,split 2->1,2.3636,2.0617,2.1738,188.85,79.9,91.6
LAKSHVILAS,2006-11-17,2.0,medium,split 2->1,2.1755,1.9488,1.9978,163.6,75.2,83.95
LCCINFOTEC,2005-03-14,5.0,medium,split 5->1,4.7857,4.7857,4.3226,10.05,2.1,2.1
LIBERTSHOE,2005-10-13,2.0,medium,split 2->1,1.9452,2.0962,2.2065,580.65,298.5,277.0
LITL,2010-01-04,10.0,high,split 10->1,9.7088,9.926,9.9604,576.7,59.4,58.1
LMW,2006-12-13,10.0,medium,split 10->1,9.6496,9.565,9.9725,34728.75,3599.0,3630.8
M&M,2005-09-01,2.0,high,split 2->1,1.9651,1.9901,1.9793,721.2,367.0,362.4
MALCO,2008-07-17,5.0,medium,split 5->1,4.6091,4.7446,5.169,685.6,148.75,144.5
MASTEK,2006-03-27,2.25,medium,bonus 5:4,2.0785,2.193,2.3166,834.2,401.35,380.4
MATRIXLABS,2005-01-13,10.0,medium,split 10->1,9.2121,10.1703,11.0955,2116.95,229.8,208.15
MERCATOR,2006-02-02,2.5,high,split 5->2,2.5062,2.5537,2.9432,141.35,56.4,55.35
METALFORGE,2005-09-22,3.0,medium,bonus 2:1,2.8567,3.1392,3.3556,490.5,171.7,156.25
MIC,2008-06-27,5.0,medium,split 5->1,5.1071,5.2944,5.6166,548.5,107.4,103.6
MID-DAY,2011-01-20,5.0,medium,split 5->1,4.9688,4.5954,5.1596,39.75,8.0,8.65
MPHASISBFL,2005-11-11,2.0,high,split 2->1,1.9779,1.9885,2.0255,259.9,131.4,130.7
MURLIIND,2010-03-18,5.0,medium,split 5->1,4.8158,5.1513,4.6278,366.0,76.0,71.05
MVL,2009-09-18,5.0,high,split 5->1,4.8848,5.0438,4.5881,224.7,46.0,44.55
MVL,2010-11-16,2.0,medium,split 2->1,2.0607,1.8459,2.0531,61.1,29.65,33.1
NAGARCONST,2005-08-24,5.0,medium,split 5->1,4.8557,4.7277,4.5633,1067.05,219.75,225.7
NAGARCONST,2006-09-20,2.0,high,split 2->1,1.9359,1.976,2.0612,296.2,153.0,149.9
NANDAN,2007-01-18,1.9059,low,unsnapped (no simple ratio within tolerance),1.9059,1.9059,1.7231,8.1,4.25,4.25
NAVBARFERO,2005-08-24,5.0,medium,split 5->1,4.8823,4.8032,4.6666,385.7,79.0,80.3
NIRMA,2007-03-14,2.0,medium,split 2->1,2.0073,1.9106,1.8983,331.2,165.0,173.35
NISSAN,2010-09-27,10.0,medium,split 10->1,9.6386,10.5263,10.4837,40.0,4.15,3.8
NITINFIRE,2010-11-04,4.5646,low,unsnapped (no simple ratio within tolerance),4.9184,4.5646,4.2527,358.55,72.9,78.55
NORTHGATE,2007-08-31,2.0,medium,split 2->1,1.969,1.9047,1.7402,1289.7,655.0,677.1
NOVAPETRO,2006-03-17,2.1033,low,unsnapped (no simple ratio within tolerance),1.9257,2.1033,2.4852,142.5,74.0,67.75
NUTEK,2009-12-23,2.0,medium,split 2->1,1.9807,1.9028,2.0118,87.15,44.0,45.8
OCL,2005-08-02,4.3569,low,combo candidates: split 5->2 + bonus 2:3 (4.167),4.6421,4.3569,4.5518,645.25,139.0,148.1
OPTOCIRCUI,2006-10-30,2.0,high,split 2->1,1.9492,1.9781,1.9892,554.55,284.5,280.35
ORBITCORP,2010-06-29,2.0,medium,split 2->1,1.9248,2.0232,2.0213,278.9,144.9,137.85
PANORAMUNI,2010-06-21,6.0,medium,bonus 5:1,5.7061,5.7061,5.7265,168.9,29.6,29.6
PARASPETRO,2005-10-26,8.9429,low,combo candidates: split 5->1 + bonus 2:3 (8.333),9.12,8.7692,7.8214,11.4,1.25,1.3
PDUMJEAGRO,2008-03-11,5.0,medium,split 5->1,4.7828,4.7605,5.185,153.05,32.0,32.15
PERLENGINF,2005-09-23,10.0,medium,split 10->1,10.3646,10.4737,11.117,49.75,4.8,4.75
PIDILITIND,2005-09-20,10.0,medium,split 10->1,9.7661,9.3651,7.6096,741.25,75.9,79.15
PIRGLASS,2009-08-11,2.0,high,split 2->1,1.9869,1.9869,1.8601,90.8,45.7,45.7
PRAJIND,2005-08-17,10.0,medium,split 10->1,9.5195,9.5195,8.6072,1072.85,112.7,112.7
PRATIBHA,2010-07-30,5.0,medium,split 5->1,4.9155,5.1015,4.8734,424.7,86.4,83.25
PROVOGUE,2008-10-03,5.0,high,split 5->1,4.8911,4.8911,5.1832,689.65,141.0,141.0
PUNJLLOYD,2007-03-29,5.0,high,split 5->1,5.0031,5.0794,5.3206,815.5,163.0,160.55
RADICO,2006-01-06,5.0,high,split 5->1,4.9324,4.8577,4.4725,754.65,153.0,155.35
RAINBOWPAP,2010-08-11,5.0,high,split 5->1,4.8956,5.0376,4.4053,234.5,47.9,46.55
RAJESHEXPO,2005-09-09,5.0,medium,split 5->1,4.8172,4.8679,4.9323,763.05,158.4,156.75
RANBAXY,2005-07-25,2.0,medium,split 2->1,1.9644,2.0608,2.0724,1039.15,529.0,504.25
REIAGROLTD,2009-02-05,8.9581,low,combo candidates: split 5->1 + bonus 2:3 (8.333),9.4689,8.9581,9.0344,556.3,58.75,62.1
REISIXTEN,2009-10-26,5.0,medium,split 5->1,4.8437,5.0574,5.6447,859.75,177.5,170.0
RESURGERE,2010-09-15,25.0,high,split 100->4,25.1346,24.6604,24.8125,65.35,2.6,2.65
RICOAUTO,2005-03-11,10.0,high,split 10->1,9.7238,9.985,9.8064,632.05,65.0,63.3
RUCHINFRA,2005-04-21,39.1373,low,unsnapped (no simple ratio within tolerance),39.1373,39.1373,35.3086,499.0,12.75,12.75
RUCHISOYA,2007-10-29,5.0,medium,split 5->1,4.838,4.7113,3.914,377.85,78.1,80.2
SATYAMCOMP,2006-10-09,2.0,high,split 2->1,2.0105,1.9974,1.9501,811.25,403.5,406.15
SAVERA,2010-10-25,2.0,high,split 2->1,1.9552,1.9756,1.9809,113.4,58.0,57.4
SEINVEST,2010-04-05,5.0,medium,split 5->1,4.8659,4.7618,5.0122,778.55,160.0,163.5
SEINVEST,2010-05-18,4.0,medium,split 4->1,3.8105,3.8105,3.5546,204.05,53.55,53.55
SEINVEST,2010-10-29,2.0,medium,split 2->1,1.9519,2.0679,2.049,48.7,24.95,23.55
SEZALGLASS,2010-10-21,10.0,medium,split 10->1,9.7854,9.5244,8.5308,107.15,10.95,11.25
SHAHALLOYS,2006-02-13,2.0,medium,split 2->1,1.9764,2.054,1.9415,347.85,176.0,169.35
SHASUNCHEM,2005-08-19,5.0,high,split 5->1,4.8869,5.0187,4.9762,483.8,99.0,96.4
SHREEASHTA,2009-08-20,10.9081,low,unsnapped (no simple ratio within tolerance),9.8457,10.9081,10.1942,717.75,72.9,65.8
SHRENUJ,2005-09-23,5.0,medium,split 5->1,4.7654,4.7562,5.2076,123.9,26.0,26.05
SINTEX,2005-10-10,5.0,medium,split 5->1,4.8975,5.2213,5.2829,694.95,141.9,133.1
SINTEX,2010-10-27,2.0,high,split 2->1,1.9643,2.0132,2.0635,413.2,210.35,205.25
SRIADIKARI,2005-12-30,5.0,medium,split 5->1,4.9,4.7639,4.4466,102.9,21.0,21.6
STER,2006-05-05,5.0,medium,split 5->1,4.6994,4.8203,4.8167,2819.65,600.0,584.95
STER,2010-06-21,3.7386,low,combo candidates: split 5->2 + bonus 1:2 (3.75),3.7686,3.7089,3.8702,678.35,180.0,182.9
STERLINBIO,2005-03-18,2.0,high,split 2->1,1.9486,1.9706,2.078,174.3,89.45,88.45
SUBEX,2006-01-05,2.0,high,split 2->1,2.0165,1.9768,1.9495,786.75,390.15,398.0
SUJANATOW,2011-01-10,5.0,medium,split 5->1,5.2585,5.2585,5.5357,139.35,26.5,26.5
SUNCLAYTON,2009-10-09,2.0,medium,split 2->1,2.0181,2.0923,2.1756,250.45,124.1,119.7
SURANATELE,2005-02-24,2.0,medium,split 2->1,1.8505,1.9768,2.0464,68.1,36.8,34.45
SURYALAXMI,2005-10-10,2.0,high,split 2->1,1.9479,1.9793,2.2358,459.7,236.0,232.25
SURYAPHARM,2010-12-23,10.0,high,split 10->1,9.7283,9.7283,9.1382,291.85,30.0,30.0
SWARAJENG,2005-08-12,3.0,high,bonus 2:1,3.0102,2.9115,3.1356,617.1,205.0,211.95
TAJGVK,2005-10-10,5.0,high,split 5->1,4.9259,5.0494,5.1917,674.85,137.0,133.65
TATASTLBSL,2010-09-21,5.0,high,split 5->1,5.0034,5.0964,4.5413,2151.45,430.0,422.15
TATATEA,2010-06-30,10.0,high,split 10->1,9.9521,9.8252,9.8206,1194.25,120.0,121.55
THERMAX,2006-03-31,5.0,medium,split 5->1,4.951,4.7387,4.1899,1475.4,298.0,311.35
TORNTPHARM,2006-02-20,4.0,medium,split 4->1,3.9012,4.0671,4.1544,975.3,250.0,239.8
TRICOM,2008-07-15,5.0,medium,split 5->1,5.0278,4.6325,4.2796,126.7,25.2,27.35
TUBEINVEST,2006-05-31,5.0,medium,split 5->1,4.9211,4.7553,5.3038,564.45,114.7,118.7
TULIP,2010-07-06,5.0,medium,split 5->1,4.9095,5.0884,5.0634,900.4,183.4,176.95
TV-18,2007-10-17,2.0,high,split 2->1,1.9999,2.0272,2.0498,1026.55,513.3,506.4
UNITY,2010-04-07,5.0,medium,split 5->1,4.9129,4.618,4.6957,603.8,122.9,130.75
UPL,2005-09-27,4.5811,low,unsnapped (no simple ratio within tolerance),4.8963,4.5811,4.5012,989.05,202.0,215.9
VEDL,2005-02-16,2.0,high,split 2->1,1.9719,2.024,1.9178,1496.65,759.0,739.45
VIMTALABS,2006-02-24,5.0,medium,split 5->1,6.0366,4.7497,4.7344,965.85,160.0,203.35
VINATIORGA,2009-10-30,5.0,medium,split 5->1,4.8565,4.596,5.0402,265.65,54.7,57.8
VIPULLTD,2010-05-04,2.0,medium,split 2->1,1.9312,1.9427,2.0539,49.15,25.45,25.3
VISHALEXPO,2005-02-25,4.0,medium,split 4->1,4.78,4.1656,3.6357,95.6,20.0,22.95
VISHALEXPO,2005-08-25,2.666666667,high,bonus 5:3,2.7125,2.7125,2.402,21.7,8.0,8.0
VITLINFO,2009-02-27,10.0,medium,split 10->1,9.9384,9.2493,9.4986,346.85,34.9,37.5
VYSYABANK,2005-02-21,3.0,medium,bonus 2:1,3.1035,2.984,3.2125,596.65,192.25,199.95
WEIZMANIND,2010-12-08,3.0,medium,bonus 2:1,2.6661,3.0219,3.4087,82.65,31.0,27.35
WINSOMYARN,2010-01-21,9.0465,low,unsnapped (no simple ratio within tolerance),9.9744,9.0465,9.1429,19.45,1.95,2.15
WIPRO,2005-08-22,2.0,high,split 2->1,1.954,1.9861,2.0171,720.05,368.5,362.55
ZODIACLOTH,2005-10-24,2.1318,low,unsnapped (no simple ratio within tolerance),2.1318,2.0113,2.2654,579.85,272.0,288.3
